run	sample	study	bioproject	biosample	center	releasedate	platform	instrument	librarylayout	libraryselection	assay_type	mbases	alias	kit	dilution
ERR588920	ERS534915	ERP006808	PRJEB7119	SAMEA2735021	UBP-CNRS	2014-08-31	ILLUMINA	Illumina MiSeq	PAIRED	RANDOM	WGS	88	CAMBIO_1	CAMBIO	1
ERR588921	ERS534916	ERP006808	PRJEB7119	SAMEA2735022	UBP-CNRS	2014-08-31	ILLUMINA	Illumina MiSeq	PAIRED	RANDOM	WGS	36	CAMBIO_2	CAMBIO	2
ERR588922	ERS534917	ERP006808	PRJEB7119	SAMEA2735023	UBP-CNRS	2014-08-31	ILLUMINA	Illumina MiSeq	PAIRED	RANDOM	WGS	0	CAMBIO_3	CAMBIO	3
ERR588923	ERS534918	ERP006808	PRJEB7119	SAMEA2735024	UBP-CNRS	2014-08-31	ILLUMINA	Illumina MiSeq	PAIRED	RANDOM	WGS	0	CAMBIO_4	CAMBIO	4
ERR588924	ERS534919	ERP006808	PRJEB7119	SAMEA2735025	UBP-CNRS	2014-08-31	ILLUMINA	Illumina MiSeq	PAIRED	RANDOM	WGS	0	CAMBIO_5	CAMBIO	5
ERR588925	ERS534920	ERP006808	PRJEB7119	SAMEA2735026	UBP-CNRS	2014-08-31	ILLUMINA	Illumina MiSeq	PAIRED	RANDOM	WGS	0	CAMBIO_6	CAMBIO	6
ERR588926	ERS534921	ERP006808	PRJEB7119	SAMEA2735027	UBP-CNRS	2014-08-31	ILLUMINA	Illumina MiSeq	PAIRED	RANDOM	WGS	0	CAMBIO_7	CAMBIO	7
ERR588927	ERS534922	ERP006808	PRJEB7119	SAMEA2735028	UBP-CNRS	2014-08-31	ILLUMINA	Illumina MiSeq	PAIRED	RANDOM	WGS	0	CAMBIO_8	CAMBIO	8
ERR588928	ERS534923	ERP006808	PRJEB7119	SAMEA2735029	UBP-CNRS	2014-08-31	ILLUMINA	Illumina MiSeq	PAIRED	RANDOM	WGS	0	CAMBIO_9	CAMBIO	9
ERR588929	ERS534924	ERP006808	PRJEB7119	SAMEA2735030	UBP-CNRS	2014-08-31	ILLUMINA	Illumina MiSeq	PAIRED	RANDOM	WGS	0	CAMBIO_10	CAMBIO	10
ERR588930	ERS534925	ERP006808	PRJEB7119	SAMEA2735031	UBP-CNRS	2014-08-31	ILLUMINA	Illumina MiSeq	PAIRED	RANDOM	WGS	88	MP_BIO_1	MP_BIO	1
ERR588931	ERS534926	ERP006808	PRJEB7119	SAMEA2735032	UBP-CNRS	2014-08-31	ILLUMINA	Illumina MiSeq	PAIRED	RANDOM	WGS	229	MP_BIO_2	MP_BIO	2
ERR588932	ERS534927	ERP006808	PRJEB7119	SAMEA2735033	UBP-CNRS	2014-08-31	ILLUMINA	Illumina MiSeq	PAIRED	RANDOM	WGS	193	MP_BIO_3	MP_BIO	3
ERR588933	ERS534928	ERP006808	PRJEB7119	SAMEA2735034	UBP-CNRS	2014-08-31	ILLUMINA	Illumina MiSeq	PAIRED	RANDOM	WGS	6	MP_BIO_4	MP_BIO	4
ERR588934	ERS534929	ERP006808	PRJEB7119	SAMEA2735035	UBP-CNRS	2014-08-31	ILLUMINA	Illumina MiSeq	PAIRED	RANDOM	WGS	12	MP_BIO_5	MP_BIO	5
ERR588935	ERS534930	ERP006808	PRJEB7119	SAMEA2735036	UBP-CNRS	2014-08-31	ILLUMINA	Illumina MiSeq	PAIRED	RANDOM	WGS	2	MP_BIO_6	MP_BIO	6
ERR588936	ERS534931	ERP006808	PRJEB7119	SAMEA2735037	UBP-CNRS	2014-08-31	ILLUMINA	Illumina MiSeq	PAIRED	RANDOM	WGS	1	MP_BIO_7	MP_BIO	7
ERR588937	ERS534932	ERP006808	PRJEB7119	SAMEA2735038	UBP-CNRS	2014-08-31	ILLUMINA	Illumina MiSeq	PAIRED	RANDOM	WGS	1	MP_BIO_8	MP_BIO	8
ERR588938	ERS534933	ERP006808	PRJEB7119	SAMEA2735039	UBP-CNRS	2014-08-31	ILLUMINA	Illumina MiSeq	PAIRED	RANDOM	WGS	0	MP_BIO_9	MP_BIO	9
ERR588939	ERS534934	ERP006808	PRJEB7119	SAMEA2735040	UBP-CNRS	2014-08-31	ILLUMINA	Illumina MiSeq	PAIRED	RANDOM	WGS	1	MP_BIO_10	MP_BIO	10
ERR588940	ERS534935	ERP006808	PRJEB7119	SAMEA2735041	UBP-CNRS	2014-08-31	ILLUMINA	Illumina MiSeq	PAIRED	RANDOM	WGS	93	QIAGEN_1	QIAGEN	1
ERR588941	ERS534936	ERP006808	PRJEB7119	SAMEA2735042	UBP-CNRS	2014-08-31	ILLUMINA	Illumina MiSeq	PAIRED	RANDOM	WGS	33	QIAGEN_2	QIAGEN	2
ERR588942	ERS534937	ERP006808	PRJEB7119	SAMEA2735043	UBP-CNRS	2014-08-31	ILLUMINA	Illumina MiSeq	PAIRED	RANDOM	WGS	6	QIAGEN_3	QIAGEN	3
ERR588943	ERS534938	ERP006808	PRJEB7119	SAMEA2735044	UBP-CNRS	2014-08-31	ILLUMINA	Illumina MiSeq	PAIRED	RANDOM	WGS	2	QIAGEN_4	QIAGEN	4
ERR588944	ERS534939	ERP006808	PRJEB7119	SAMEA2735045	UBP-CNRS	2014-08-31	ILLUMINA	Illumina MiSeq	PAIRED	RANDOM	WGS	3	QIAGEN_5	QIAGEN	5
ERR588945	ERS534940	ERP006808	PRJEB7119	SAMEA2735046	UBP-CNRS	2014-08-31	ILLUMINA	Illumina MiSeq	PAIRED	RANDOM	WGS	1	QIAGEN_6	QIAGEN	6
ERR588946	ERS534941	ERP006808	PRJEB7119	SAMEA2735047	UBP-CNRS	2014-08-31	ILLUMINA	Illumina MiSeq	PAIRED	RANDOM	WGS	1	QIAGEN_7	QIAGEN	7
ERR588947	ERS534942	ERP006808	PRJEB7119	SAMEA2735048	UBP-CNRS	2014-08-31	ILLUMINA	Illumina MiSeq	PAIRED	RANDOM	WGS	2	QIAGEN_8	QIAGEN	8
ERR588948	ERS534943	ERP006808	PRJEB7119	SAMEA2735049	UBP-CNRS	2014-08-31	ILLUMINA	Illumina MiSeq	PAIRED	RANDOM	WGS	2	QIAGEN_9	QIAGEN	9
ERR588949	ERS534944	ERP006808	PRJEB7119	SAMEA2735050	UBP-CNRS	2014-08-31	ILLUMINA	Illumina MiSeq	PAIRED	RANDOM	WGS	0	QIAGEN_10	QIAGEN	10
ERR588950	ERS534945	ERP006808	PRJEB7119	SAMEA2735051	UBP-CNRS	2014-08-31	ILLUMINA	Illumina MiSeq	PAIRED	RANDOM	WGS	0	PSP_PLUS_1	PSP_PLUS	1
ERR588951	ERS534946	ERP006808	PRJEB7119	SAMEA2735052	UBP-CNRS	2014-08-31	ILLUMINA	Illumina MiSeq	PAIRED	RANDOM	WGS	4	PSP_PLUS_2	PSP_PLUS	2
ERR588952	ERS534947	ERP006808	PRJEB7119	SAMEA2735053	UBP-CNRS	2014-08-31	ILLUMINA	Illumina MiSeq	PAIRED	RANDOM	WGS	2	PSP_PLUS_3	PSP_PLUS	3
ERR588953	ERS534948	ERP006808	PRJEB7119	SAMEA2735054	UBP-CNRS	2014-08-31	ILLUMINA	Illumina MiSeq	PAIRED	RANDOM	WGS	7	PSP_PLUS_4	PSP_PLUS	4
ERR588954	ERS534949	ERP006808	PRJEB7119	SAMEA2735055	UBP-CNRS	2014-08-31	ILLUMINA	Illumina MiSeq	PAIRED	RANDOM	WGS	0	Water		
